﻿[
    {
        "STT": "1",
        "Id_pr": "TPTSFCA0X11223",
        "ProductName": "Áo rã rập",
        "Bộ sưu tập": "First-collection",
        "Code_cat": "A0",
        "Category": "Top",
        "Sub-category": "T-shirt",
        "Color": "",
        "Size": "S",
        "Style": "Thanh lịch",
        "Gowhere" : "Công việc",
        "Event" : "",
        "Soluong": "30",
        "DescriptionProduct": "Mô tả sản phẩm",
        "PriceProduct": "265.000",
        "": ""
    },
    {
        "STT": "2",
        "ID_PR": "TPTSFCA1X11223",
        "productName": "",
        "Bộ sưu tập": "First-collection",
        "Code_cat": "A1",
        "Category": "Top",
        "Sub-category": "T-shirt",
        "Color": "",
        "Size": "M",
        "Xưởng": "Xưởng Nam, Dũng",
        "Tháng ra mắt": "12",
        "Năm ra mắt": "23",
        "Nhà thiết kế": "Nguyn",
        "Style": "Năng động",
        "Gowhere" : "Đi chơi ",
        "Event" : "",
        "Soluong": "",
        "DescriptionProduct": "Mô tả sản phẩm",
        "PriceProduct": "165.000",
        "": ""
    },
    {
        "STT": "3",
        "Id_pr": "TPTSFCA2X11223",
        "ProductName": "",
        "Bộ sưu tập": "First-collection",
        "Code_cat": "A2",
        "Category": "Top",
        "Sub-category": "T-shirt",
        "Color": "",
        "Size": "L",
        "Xưởng": "Xưởng Nam, Dũng",
        "Tháng ra mắt": "12",
        "Năm ra mắt": "23",
        "Nhà thiết kế": "Nguyn",
        "Style": "Romatic",
        "Gowhere" : "Hẹn hò",
        "Event" : "Valentine",
        "Soluong": "",
        "DescriptionProduct": "Mô tả sản phẩm",
        "PriceProduct": "273.000",
        "": ""
    },
    {
        "STT": "4",
        "Id_pr": "TPTSFCA3X11223",
        "ProductName": "Áo vô tri",
        "Bộ sưu tập": "First-collection",
        "Code_cat": "A3",
        "Category": "Top",
        "Sub-category": "T-shirt",
        "Color": "",
        "Size": "S",
        "Xưởng": "Xưởng Nam, Dũng",
        "Tháng ra mắt": "12",
        "Năm ra mắt": "23",
        "Nhà thiết kế": "Nguyn",
        "Style": "",
        "Gowhere" : "Du lịch ",
        "Event" : "",
        "Soluong": "",
        "DescriptionProduct": "Mô tả sản phẩm",
        "PriceProduct": "435.000",
        "": ""
    },
    {
        "STT": "5",
        "Id_pr": "TPTSFCA4X11223",
        "ProductName": "",
        "Bộ sưu tập": "First-collection",
        "Code_cat": "A4",
        "Category": "Top",
        "Sub-category": "T-shirt",
        "Color": "",
        "Size": "M",
        "Xưởng": "Xưởng Nam, Dũng",
        "Tháng ra mắt": "12",
        "Năm ra mắt": "23",
        "Nhà thiết kế": "Nguyn",
        "Style": "",
        "Gowhere" : " ",
        "Event" : "Halloween",
        "Soluong": "",
        "DescriptionProduct": "Mô tả sản phẩm",
        "PriceProduct": "342.000",
        "": ""
    },
    {
        "STT": "6",
        "Id_pr": "TPTSFCA5X11223",
        "ProductName": "",
        "Bộ sưu tập": "First-collection",
        "Code_cat": "A5",
        "Category": "Top",
        "Sub-category": "T-shirt",
        "Color": "",
        "Size": "L",
        "Xưởng": "Xưởng Nam, Dũng",
        "Tháng ra mắt": "12",
        "Năm ra mắt": "23",
        "Nhà thiết kế": "Nguyn",
        "Style": "",
        "Gowhere" : " ",
        "Event" : "Lễ hội",
        "Soluong": "",
        "DescriptionProduct": "Mô tả sản phẩm",
        "PriceProduct": "324.000",
        "": "x"
    },
    {
        "STT": "7",
        "Id_pr": "TPTSFCD1X11223",
        "ProductName": "Áo khủng long vô tri",
        "Bộ sưu tập": "First-collection",
        "Code_cat": "D1",
        "Category": "Top",
        "Sub-category": "T-shirt",
        "Color": "Be sáng",
        "Size": "S",
        "Xưởng": "Xưởng Nam, Dũng",
        "Tháng ra mắt": "12",
        "Năm ra mắt": "23",
        "Nhà thiết kế": "Nguyn",
        "Style": "Vintage",
        "Gowhere" : "Du lịch ",
        "Event" : "Tết",
        "Soluong": "18",
        "DescriptionProduct": "Mô tả sản phẩm",
        "PriceProduct": "454.400",
        "": ""
    },
    {
        "STT": "8",
        "Id_pr": "TPTSFCD2X11223",
        "ProductName": "",
        "Bộ sưu tập": "First-collection",
        "Code_cat": "D2",
        "Category": "Top",
        "Sub-category": "T-shirt",
        "Color": "Be sáng",
        "Size": "M",
        "Xưởng": "Xưởng Nam, Dũng",
        "Tháng ra mắt": "12",
        "Năm ra mắt": "23",
        "Nhà thiết kế": "Nguyn",
        "Style": "",
        "Gowhere" : "Thể thao",
        "Event" : "",
        "Soluong": "18",
        "DescriptionProduct": "Mô tả sản phẩm",
        "PriceProduct": "543.000",
        "": ""
    },
    {
        "STT": "9",
        "Id_pr": "TPTSFCD3X11223",
        "ProductName": "",
        "Bộ sưu tập": "First-collection",
        "Code_cat": "D3",
        "Category": "Top",
        "Sub-category": "T-shirt",
        "Color": "Be sáng",
        "Size": "L",
        "Xưởng": "Xưởng Nam, Dũng",
        "Tháng ra mắt": "12",
        "Năm ra mắt": "23",
        "Nhà thiết kế": "Nguyn",
        "Style": "Boho",
        "Gowhere" : " ",
        "Event" : "",
        "Soluong": "9",
        "DescriptionProduct": "Mô tả sản phẩm",
        "PriceProduct": "989.000",
        "": ""
    },
    {
        "STT": "10",
        "Id_pr": "TPJRFCA6X11223",
        "ProductName": "Áo Jersey 19s",
        "Bộ sưu tập": "First-collection",
        "Code_cat": "A6",
        "Category": "Top",
        "Sub-category": "Jersey",
        "Color": "",
        "Size": "M",
        "Xưởng": "Xưởng Nam, Dũng",
        "Tháng ra mắt": "12",
        "Năm ra mắt": "23",
        "Nhà thiết kế": "Nguyn",
        "Style": "Streetwear",
        "Gowhere" : " ",
        "Event" : "",
        "Soluong": "",
        "DescriptionProduct": "Mô tả sản phẩm",
        "PriceProduct": "666.200",
        "": ""
    },
    {
        "STT": "11",
        "Id_pr": "TPJRFCA7X11223",
        "ProductName": "",
        "Bộ sưu tập": "First-collection",
        "Code_cat": "A7",
        "Category": "Top",
        "Sub-category": "Jersey",
        "Color": "",
        "Size": "L",
        "Xưởng": "Xưởng Nam, Dũng",
        "Tháng ra mắt": "12",
        "Năm ra mắt": "23",
        "Nhà thiết kế": "Nguyn",
        "Style": "Năng động",
        "Gowhere" : "Công việc ",
        "Event" : "",
        "Soluong": "",
        "DescriptionProduct": "Mô tả sản phẩm",
        "PriceProduct": "669.000",
        "": ""
    },
    {
        "STT": "12",
        "Id_pr": "TPTSFCA8X41223",
        "ProductName": "Áo custom",
        "Bộ sưu tập": "First-collection",
        "Code_cat": "A8",
        "Category": "Top",
        "Sub-category": "T-shirt",
        "Color": "",
        "Size": "S",
        "Xưởng": "Xưởng Nam, Quốc Anh",
        "Tháng ra mắt": "12",
        "Năm ra mắt": "23",
        "Nhà thiết kế": "Nguyn",
        "Style": "Vintage",
        "Gowhere" : " ",
        "Event" : "Halloween",
        "Soluong": "",
        "DescriptionProduct": "Mô tả sản phẩm",
        "PriceProduct": "599.000",
        "": ""
    },
    {
        "STT": "13",
        "Id_pr": "TPTSFCA9X41223",
        "ProductName": "",
        "Bộ sưu tập": "First-collection",
        "Code_cat": "A9",
        "Category": "Top",
        "Sub-category": "T-shirt",
        "Color": "",
        "Size": "M",
        "Xưởng": "Xưởng Nam, Quốc Anh",
        "Tháng ra mắt": "12",
        "Năm ra mắt": "23",
        "Nhà thiết kế": "Nguyn",
        "Style": "Cổ điển",
        "Gowhere" : " ",
        "Event" : "",
        "Soluong": "",
        "DescriptionProduct": "Mô tả sản phẩm",
        "PriceProduct": "654.000",
        "": ""
    },
    {
        "STT": "14",
        "Id_pr": "TPTSFCB0X41223",
        "ProductName": "",
        "Bộ sưu tập": "First-collection",
        "Code_cat": "B0",
        "Category": "Top",
        "Sub-category": "T-shirt",
        "Color": "",
        "Size": "L",
        "Xưởng": "Xưởng Nam, Quốc Anh",
        "Tháng ra mắt": "12",
        "Năm ra mắt": "23",
        "Nhà thiết kế": "Nguyn",
        "Style": "",
        "Gowhere" : " ",
        "Event" : "Tết",
        "Soluong": "",
        "DescriptionProduct": "Mô tả sản phẩm",
        "PriceProduct": "644.800",
        "": ""
    },
    {
        "STT": "15",
        "Id_pr": "TPTSFCB1X41223",
        "ProductName": "Áo Thêu Gấu First Edition",
        "Bộ sưu tập": "First-collection",
        "Code_cat": "B1",
        "Category": "Top",
        "Sub-category": "T-shirt",
        "Color": "Đen",
        "Size": "S",
        "Xưởng": "Xưởng Nam, Quốc Anh",
        "Tháng ra mắt": "12",
        "Năm ra mắt": "23",
        "Nhà thiết kế": "Nguyn",
        "Style": "Streetwear",
        "Gowhere" : "Du lịch ",
        "Event" : "Valentine",
        "Soluong": "62",
        "DescriptionProduct": "Mô tả sản phẩm",
        "PriceProduct": "799.000",
        "": ""
    },
    {
        "STT": "16",
        "Id_pr": "TPTSFCB2X41223",
        "ProductName": "",
        "Bộ sưu tập": "First-collection",
        "Code_cat": "B2",
        "Category": "Top",
        "Sub-category": "T-shirt",
        "Color": "Đen",
        "Size": "M",
        "Xưởng": "Xưởng Nam, Quốc Anh",
        "Tháng ra mắt": "12",
        "Năm ra mắt": "23",
        "Nhà thiết kế": "Nguyn",
        "Style": "Streetwear",
        "Gowhere" : "Thể thao",
        "Event" : "",
        "Soluong": "62",
        "DescriptionProduct": "Mô tả sản phẩm",
        "PriceProduct": "899.999",
        "": ""
    },
    {
        "STT": "17",
        "Id_pr": "TPTSFCB3X41223",
        "ProductName": "",
        "Bộ sưu tập": "First-collection",
        "Code_cat": "B3",
        "Category": "Top",
        "Sub-category": "T-shirt",
        "Color": "Đen",
        "Size": "L",
        "Xưởng": "Xưởng Nam, Quốc Anh",
        "Tháng ra mắt": "12",
        "Năm ra mắt": "23",
        "Nhà thiết kế": "Nguyn",
        "Style": "Boho",
        "Gowhere" : " ",
        "Event" : "Lễ hội",
        "Soluong": "31",
        "DescriptionProduct": "Mô tả sản phẩm",
        "PriceProduct": "999.999",
        "": ""
    },
    {
        "STT": "18",
        "Id_pr": "TPTSFCB4X41223",
        "ProductName": "",
        "Bộ sưu tập": "First-collection",
        "Code_cat": "B4",
        "Category": "Top",
        "Sub-category": "T-shirt",
        "Color": "Be",
        "Size": "S",
        "Xưởng": "Xưởng Nam, Quốc Anh",
        "Tháng ra mắt": "12",
        "Năm ra mắt": "23",
        "Nhà thiết kế": "Nguyn",
        "Style": "Cổ điển",
        "Gowhere" : " ",
        "Event" : "",
        "Soluong": "40",
        "DescriptionProduct": "Mô tả sản phẩm",
        "PriceProduct": "1.513.000",
        "": ""
    },
    {
        "STT": "19",
        "Id_pr": "TPTSFCB5X41224",
        "ProductName": "",
        "Bộ sưu tập": "First-collection",
        "Code_cat": "B5",
        "Category": "Top",
        "Sub-category": "T-shirt",
        "Color": "Be",
        "Size": "M",
        "Xưởng": "Xưởng Nam, Quốc Anh",
        "Tháng ra mắt": "12",
        "Năm ra mắt": "23",
        "Nhà thiết kế": "Nguyn",
        "Style": "",
        "Gowhere" : "Sự kiện đặc biệt ",
        "Event" : "Halloween",
        "Soluong": "40",
        "DescriptionProduct": "Mô tả sản phẩm",
        "PriceProduct": "1.155.000",
        "": ""
    },
    {
        "STT": "20",
        "Id_pr": "TPTSFCB6X41225",
        "ProductName": "",
        "Bộ sưu tập": "First-collection",
        "Code_cat": "B6",
        "Category": "Top",
        "Sub-category": "T-shirt",
        "Color": "Be",
        "Size": "L",
        "Xưởng": "Xưởng Nam, Quốc Anh",
        "Tháng ra mắt": "12",
        "Năm ra mắt": "23",
        "Nhà thiết kế": "Nguyn",
        "Style": "Vintage",
        "Gowhere" : "Sự kiện đặc biệt ",
        "Event" : "",
        "Soluong": "20",
        "DescriptionProduct": "Mô tả sản phẩm",
        "PriceProduct": "1.600.500",
        "": ""
    },
    {
        "STT": "21",
        "Id_pr": "TPHDFCB7X21223",
        "ProductName": "Hoodie rã rập",
        "Bộ sưu tập": "First-collection",
        "Code_cat": "B7",
        "Category": "Top",
        "Sub-category": "Hoodie",
        "Color": "",
        "Size": "",
        "Xưởng": "Xưởng Bảo, Quốc Anh",
        "Tháng ra mắt": "12",
        "Năm ra mắt": "23",
        "Nhà thiết kế": "Nguyn",
        "Style": "",
        "Gowhere" : "Sự kiện đặc biệt ",
        "Event" : "",
        "Soluong": "",
        "DescriptionProduct": "Mô tả sản phẩm",
        "PriceProduct": "1.999.999",
        "": ""
    },
    {
        "STT": "22",
        "Id_pr": "TPSCFCB8X21223",
        "ProductName": "Crop Hoodie rã rập",
        "Bộ sưu tập": "First-collection",
        "Code_cat": "B8",
        "Category": "Top",
        "Sub-category": "Crop hoodie",
        "Color": "",
        "Size": "",
        "Xưởng": "Xưởng Bảo, Quốc Anh",
        "Tháng ra mắt": "12",
        "Năm ra mắt": "23",
        "Nhà thiết kế": "Nguyn",
        "Style": "Thanh lịch",
        "Gowhere" : "Công việc ",
        "Event" : "",
        "Soluong": "",
        "DescriptionProduct": "Mô tả sản phẩm",
        "PriceProduct": "6.666.666",
        "": ""
    },
    {
        "STT": "23",
        "Id_pr": "BTSHFCB9X11223",
        "ProductName": "Quần rã rập",
        "Bộ sưu tập": "First-collection",
        "Code_cat": "B9",
        "Category": "Bottom",
        "Sub-category": "Short",
        "Color": "",
        "Size": "",
        "Xưởng": "Xưởng Nam, Dũng",
        "Tháng ra mắt": "12",
        "Năm ra mắt": "23",
        "Nhà thiết kế": "Nguyn",
        "Style": "",
        "Gowhere" : "Công việc ",
        "Event" : "",
        "Soluong": "",
        "DescriptionProduct": "Mô tả sản phẩm",
        "PriceProduct": "7.777.777",
        "": ""
    },
    {
        "STT": "24",
        "Id_pr": "BTPAFCC0X51223",
        "ProductName": "Quần lé ",
        "Bộ sưu tập": "First-collection",
        "Code_cat": "C0",
        "Category": "Bottom",
        "Sub-category": "Pant",
        "Color": "",
        "Size": "S",
        "Xưởng": "Xưởng Bảo",
        "Tháng ra mắt": "12",
        "Năm ra mắt": "23",
        "Nhà thiết kế": "Nguyn",
        "Style": "Romatic",
        "Gowhere" : " ",
        "Event" : "",
        "Soluong": "20",
        "DescriptionProduct": "Mô tả sản phẩm",
        "PriceProduct": "8.888.888",
        "": ""
    },
    {
        "STT": "25",
        "Id_pr": "BTPAFCC1X51223",
        "ProductName": "",
        "Bộ sưu tập": "First-collection",
        "Code_cat": "C1",
        "Category": "Bottom",
        "Sub-category": "Pant",
        "Color": "",
        "Size": "M",
        "Xưởng": "Xưởng Bảo",
        "Tháng ra mắt": "12",
        "Năm ra mắt": "23",
        "Nhà thiết kế": "Nguyn",
        "Style": "Năng động",
        "Gowhere" : " ",
        "Event" : "",
        "Soluong": "20",
        "DescriptionProduct": "Mô tả sản phẩm",
        "PriceProduct": "216.100",
        "": ""
    },
    {
        "STT": "26",
        "Id_pr": "BTPAFCC2X51223",
        "ProductName": "",
        "Bộ sưu tập": "First-collection",
        "Code_cat": "C2",
        "Category": "Bottom",
        "Sub-category": "Pant",
        "Color": "",
        "Size": "L",
        "Xưởng": "Xưởng Bảo",
        "Tháng ra mắt": "12",
        "Năm ra mắt": "23",
        "Nhà thiết kế": "Nguyn",
        "Style": "Streetwear",
        "Gowhere" : " ",
        "Event" : "",
        "Soluong": "20",
        "DescriptionProduct": "Mô tả sản phẩm",
        "PriceProduct": "645.800",
        "": ""
    },
    {
        "STT": "27",
        "Id_pr": "BTWPFCC3X51223",
        "ProductName": "Quần denim",
        "Bộ sưu tập": "First-collection",
        "Code_cat": "C3",
        "Category": "Bottom",
        "Sub-category": "Wide Leg pants",
        "Color": "",
        "Size": "S",
        "Xưởng": "Xưởng Bảo",
        "Tháng ra mắt": "12",
        "Năm ra mắt": "23",
        "Nhà thiết kế": "Nguyn",
        "Style": "Streetwear",
        "Gowhere" : " ",
        "Event" : "",
        "Soluong": "20",
        "DescriptionProduct": "Mô tả sản phẩm",
        "PriceProduct": "782.000",
        "": ""
    },
    {
        "STT": "28",
        "Id_pr": "BTWPFCC4X51223",
        "ProductName": "",
        "Bộ sưu tập": "First-collection",
        "Code_cat": "C4",
        "Category": "Bottom",
        "Sub-category": "Wide Leg pants",
        "Color": "",
        "Size": "M",
        "Xưởng": "Xưởng Bảo",
        "Tháng ra mắt": "12",
        "Năm ra mắt": "23",
        "Nhà thiết kế": "Nguyn",
        "Style": "",
        "Gowhere" : "Du lịch ",
        "Event" : "",
        "Soluong": "25",
        "DescriptionProduct": "Mô tả sản phẩm",
        "PriceProduct": "987.000",
        "": ""
    },
    {
        "STT": "29",
        "Id_pr": "BTWPFCC5X51223",
        "ProductName": "",
        "Bộ sưu tập": "First-collection",
        "Code_cat": "C5",
        "Category": "Bottom",
        "Sub-category": "Wide Leg pants",
        "Color": "",
        "Size": "L",
        "Xưởng": "Xưởng Bảo",
        "Tháng ra mắt": "12",
        "Năm ra mắt": "23",
        "Nhà thiết kế": "Nguyn",
        "Style": "",
        "Gowhere" : "Du lịch ",
        "Event" : "",
        "Soluong": "15",
        "DescriptionProduct": "Mô tả sản phẩm",
        "PriceProduct": "545.200",
        "": ""
    },
    {
        "STT": "30",
        "Id_pr": "OTJCFCC6X21223",
        "ProductName": "Bomber",
        "Bộ sưu tập": "First-collection",
        "Code_cat": "C6",
        "Category": "Outerwear",
        "Sub-category": "Jacket & Coat",
        "Color": "",
        "Size": "",
        "Xưởng": "Xưởng Bảo, Quốc Anh",
        "Tháng ra mắt": "12",
        "Năm ra mắt": "23",
        "Nhà thiết kế": "Nguyn",
        "Style": "Năng động",
        "Gowhere" : "Du lịch ",
        "Event" : "",
        "Soluong": "",
        "DescriptionProduct": "Mô tả sản phẩm",
        "PriceProduct": "56.000",
        "": ""
    },
    {
        "STT": "31",
        "Id_pr": "OTJCFCC7X31223",
        "ProductName": "Áo khoác Denim",
        "Bộ sưu tập": "First-collection",
        "Code_cat": "C7",
        "Category": "Outerwear",
        "Sub-category": "Jacket & Coat",
        "Color": "",
        "Size": "S",
        "Xưởng": "Xưởng Bảo, Quốc Anh, Dũng",
        "Tháng ra mắt": "12",
        "Năm ra mắt": "23",
        "Nhà thiết kế": "Nguyn",
        "Style": "",
        "Gowhere" : "Hẹn hò",
        "Event" : "",
        "Soluong": "60",
        "DescriptionProduct": "Mô tả sản phẩm",
        "PriceProduct": "100.000",
        "": ""
    },
    {
        "STT": "32",
        "Id_pr": "OTJCFCC8X31223",
        "ProductName": "",
        "Bộ sưu tập": "First-collection",
        "Code_cat": "C8",
        "Category": "Outerwear",
        "Sub-category": "Jacket & Coat",
        "Color": "",
        "Size": "M",
        "Xưởng": "Xưởng Bảo, Quốc Anh, Dũng",
        "Tháng ra mắt": "12",
        "Năm ra mắt": "23",
        "Nhà thiết kế": "Nguyn",
        "Style": "",
        "Gowhere" : "Hẹn hò",
        "Event" : "",
        "Soluong": "40",
        "DescriptionProduct": "Mô tả sản phẩm",
        "PriceProduct": "200.000",
        "": ""
    },
    {
        "STT": "33",
        "Id_pr": "HBTRFCC9X51223",
        "ProductName": "Túi ăn trộm",
        "Bộ sưu tập": "First-collection",
        "Code_cat": "C9",
        "Category": "Handbag",
        "Sub-category": "Thrift Bag",
        "Color": "",
        "Size": "",
        "Xưởng": "Xưởng Bảo",
        "Tháng ra mắt": "12",
        "Năm ra mắt": "23",
        "Nhà thiết kế": "Nguyn",
        "Style": "",
        "Gowhere" : " ",
        "Event" : "Lễ hội",
        "Soluong": "",
        "DescriptionProduct": "Mô tả sản phẩm",
        "PriceProduct": "300.000",
        "": ""
    },
    {
        "STT": "34",
        "Id_pr": "HBGLFCD0X51223",
        "ProductName": "Gi-lê",
        "Bộ sưu tập": "First-collection",
        "Code_cat": "D0",
        "Category": "Handbag",
        "Sub-category": "Gi-lê",
        "Color": "",
        "Size": "",
        "Xưởng": "",
        "Tháng ra mắt": "12",
        "Năm ra mắt": "23",
        "Nhà thiết kế": "Nguyn",
        "Style": "Streetwear",
        "Gowhere" : " ",
        "Event" : "",
        "Soluong": "",
        "DescriptionProduct": "Mô tả sản phẩm",
        "PriceProduct": "400.000",
        "": ""
    },
    {
        "STT": "35",
        "Id_pr": "TPTSFCD4X11223",
        "ProductName": "Áo Watch This",
        "Bộ sưu tập": "First-collection",
        "Code_cat": "D4",
        "Category": "Top",
        "Sub-category": "T-shirt",
        "Color": "Đen",
        "Size": "S",
        "Xưởng": "Xưởng Nam, Dũng",
        "Tháng ra mắt": "12",
        "Năm ra mắt": "23",
        "Nhà thiết kế": "Nguyn",
        "Style": "Streetwear",
        "Gowhere" : " ",
        "Event" : "",
        "Soluong": "12",
        "DescriptionProduct": "Mô tả sản phẩm",
        "PriceProduct": "500.000",
        "": ""
    },
    {
        "STT": "36",
        "Id_pr": "TPTSFCD5X11223",
        "ProductName": "",
        "Bộ sưu tập": "First-collection",
        "Code_cat": "D5",
        "Category": "Top",
        "Sub-category": "T-shirt",
        "Color": "Đen",
        "Size": "M",
        "Xưởng": "Xưởng Nam, Dũng",
        "Tháng ra mắt": "12",
        "Năm ra mắt": "23",
        "Nhà thiết kế": "Nguyn",
        "Style": "",
        "Gowhere" : "Thể thao",
        "Event" : "",
        "Soluong": "15",
        "DescriptionProduct": "Mô tả sản phẩm",
        "PriceProduct": "600.000",
        "": ""
    },
    {
        "STT": "37",
        "Id_pr": "TPTSFCD6X11223",
        "ProductName": "",
        "Bộ sưu tập": "First-collection",
        "Code_cat": "D6",
        "Category": "Top",
        "Sub-category": "T-shirt",
        "Color": "Đen",
        "Size": "L",
        "Xưởng": "Xưởng Nam, Dũng",
        "Tháng ra mắt": "12",
        "Năm ra mắt": "23",
        "Nhà thiết kế": "Nguyn",
        "Style": "",
        "Gowhere" : "Thể thao",
        "Event" : "",
        "Soluong": "15",
        "DescriptionProduct": "Mô tả sản phẩm",
        "PriceProduct": "700.000",
        "": ""
    },
    {
        "STT": "38",
        "Id_pr": "TPJCFCD7X51223",
        "ProductName": "Áo dù Bộ 1",
        "Bộ sưu tập": "First-collection",
        "Code_cat": "D7",
        "Category": "Top",
        "Sub-category": "Jacket & Coat",
        "Color": "Nâu - Mù tạt",
        "Size": "S",
        "Xưởng": "Xưởng Bảo",
        "Tháng ra mắt": "12",
        "Năm ra mắt": "23",
        "Nhà thiết kế": "Nguyn",
        "Style": "",
        "Gowhere" : "Thể thao",
        "Event" : "",
        "Soluong": "",
        "DescriptionProduct": "Mô tả sản phẩm",
        "PriceProduct": "800.000",
        "": ""
    },
    {
        "STT": "39",
        "Id_pr": "TPJCFCD8X51223",
        "ProductName": "",
        "Bộ sưu tập": "First-collection",
        "Code_cat": "D8",
        "Category": "Top",
        "Sub-category": "Jacket & Coat",
        "Color": "Nâu - Mù tạt",
        "Size": "M",
        "Xưởng": "Xưởng Bảo",
        "Tháng ra mắt": "12",
        "Năm ra mắt": "23",
        "Nhà thiết kế": "Nguyn",
        "Style": "",
        "Gowhere" : "Thể thao",
        "Event" : "",
        "Soluong": "",
        "DescriptionProduct": "Mô tả sản phẩm",
        "PriceProduct": "56.000",
        "": ""
    },
    {
        "STT": "40",
        "Id_pr": "TPJCFCD9X51223",
        "ProductName": "",
        "Bộ sưu tập": "First-collection",
        "Code_cat": "D9",
        "Category": "Top",
        "Sub-category": "Jacket & Coat",
        "Color": "Nâu - Mù tạt",
        "Size": "L",
        "Xưởng": "Xưởng Bảo",
        "Tháng ra mắt": "12",
        "Năm ra mắt": "23",
        "Nhà thiết kế": "Nguyn",
        "Style": "",
        "Gowhere" : " ",
        "Event" : "Valentine",
        "Soluong": "",
        "DescriptionProduct": "Mô tả sản phẩm",
        "PriceProduct": "900.000",
        "": ""
    },
    {
        "STT": "41",
        "Id_pr": "TPJCFCE0X51223",
        "ProductName": "Áo dù Bộ 2",
        "Bộ sưu tập": "First-collection",
        "Code_cat": "E0",
        "Category": "Top",
        "Sub-category": "Jacket & Coat",
        "Color": "Mù tạt - Nâu",
        "Size": "S",
        "Xưởng": "Xưởng Bảo",
        "Tháng ra mắt": "12",
        "Năm ra mắt": "23",
        "Nhà thiết kế": "Nguyn",
        "Style": "",
        "Gowhere" : " ",
        "Event" : "Tết",
        "Soluong": "",
        "DescriptionProduct": "Mô tả sản phẩm",
        "PriceProduct": "245.000",
        "": ""
    },
    {
        "STT": "42",
        "Id_pr": "TPJCFCE1X51223",
        "ProductName": "",
        "Bộ sưu tập": "First-collection",
        "Code_cat": "E1",
        "Category": "Top",
        "Sub-category": "Jacket & Coat",
        "Color": "Mù tạt - Nâu",
        "Size": "M",
        "Xưởng": "Xưởng Bảo",
        "Tháng ra mắt": "12",
        "Năm ra mắt": "23",
        "Nhà thiết kế": "Nguyn",
        "Style": "Romatic",
        "Gowhere" : " ",
        "Event" : "",
        "Soluong": "",
        "DescriptionProduct": "Mô tả sản phẩm",
        "PriceProduct": "125.000",
        "": ""
    },
    {
        "STT": "43",
        "Id_pr": "TPJCFCE2X51223",
        "ProductName": "",
        "Bộ sưu tập": "First-collection",
        "Code_cat": "E2",
        "Category": "Top",
        "Sub-category": "Jacket & Coat",
        "Color": "Mù tạt - Nâu",
        "Size": "L",
        "Xưởng": "Xưởng Bảo",
        "Tháng ra mắt": "12",
        "Năm ra mắt": "23",
        "Nhà thiết kế": "Nguyn",
        "Style": "Romatic",
        "Gowhere" : " ",
        "Event" : "",
        "Soluong": "",
        "DescriptionProduct": "Mô tả sản phẩm",
        "PriceProduct": "153.000",
        "": ""
    },
    {
        "STT": "44",
        "Id_pr": "BTPAFCE3X51223",
        "ProductName": "Quần dù Bộ 1",
        "Bộ sưu tập": "First-collection",
        "Code_cat": "E3",
        "Category": "Bottom",
        "Sub-category": "Pant",
        "Color": "Nâu - Mù tạt",
        "Size": "S",
        "Xưởng": "Xưởng Bảo",
        "Tháng ra mắt": "12",
        "Năm ra mắt": "23",
        "Nhà thiết kế": "Nguyn",
        "Style": "Thanh lịch",
        "Gowhere" : " ",
        "Event" : "",
        "Soluong": "",
        "DescriptionProduct": "Mô tả sản phẩm",
        "PriceProduct": "1.000.000",
        "": ""
    },
    {
        "STT": "45",
        "Id_pr": "BTPAFCE4X51223",
        "ProductName": "",
        "Bộ sưu tập": "First-collection",
        "Code_cat": "E4",
        "Category": "Bottom",
        "Sub-category": "Pant",
        "Color": "Nâu - Mù tạt",
        "Size": "M",
        "Xưởng": "Xưởng Bảo",
        "Tháng ra mắt": "12",
        "Năm ra mắt": "23",
        "Nhà thiết kế": "Nguyn",
        "Style": "",
        "Gowhere" : "Du lịch ",
        "Event" : "Tết",
        "Soluong": "",
        "DescriptionProduct": "Mô tả sản phẩm",
        "PriceProduct": "548.000",
        "": ""
    },
    {
        "STT": "46",
        "Id_pr": "BTPAFCE5X51223",
        "ProductName": "",
        "Bộ sưu tập": "First-collection",
        "Code_cat": "E5",
        "Category": "Bottom",
        "Sub-category": "Pant",
        "Color": "Nâu - Mù tạt",
        "Size": "L",
        "Xưởng": "Xưởng Bảo",
        "Tháng ra mắt": "12",
        "Năm ra mắt": "23",
        "Nhà thiết kế": "Nguyn",
        "Style": "",
        "Gowhere" : "Du lịch ",
        "Event" : "Tết",
        "Soluong": "",
        "DescriptionProduct": "Mô tả sản phẩm",
        "PriceProduct": "154.000",
        "": ""
    },
    {
        "STT": "47",
        "Id_pr": "BTPAFCE6X51223",
        "ProductName": "Quần dù Bộ 2",
        "Bộ sưu tập": "First-collection",
        "Code_cat": "E6",
        "Category": "Bottom",
        "Sub-category": "Pant",
        "Color": "Mù tạt - Nâu",
        "Size": "S",
        "Xưởng": "Xưởng Bảo",
        "Tháng ra mắt": "12",
        "Năm ra mắt": "23",
        "Nhà thiết kế": "Nguyn",
        "Style": "",
        "Gowhere" : "Hẹn hò",
        "Event" : "",
        "Soluong": "",
        "DescriptionProduct": "Mô tả sản phẩm",
        "PriceProduct": "846.000",
        "": ""
    },
    {
        "STT": "48",
        "Id_pr": "BTPAFCE7X51223",
        "ProductName": "",
        "Bộ sưu tập": "First-collection",
        "Code_cat": "E7",
        "Category": "Bottom",
        "Sub-category": "Pant",
        "Color": "Mù tạt - Nâu",
        "Size": "M",
        "Xưởng": "Xưởng Bảo",
        "Tháng ra mắt": "12",
        "Năm ra mắt": "23",
        "Nhà thiết kế": "Nguyn",
        "Style": "",
        "Gowhere" : "Hẹn hò",
        "Event" : "",
        "Soluong": "",
        "DescriptionProduct": "Mô tả sản phẩm",
        "PriceProduct": "145.000",
        "": ""
    },
    {
        "STT": "49",
        "Id_pr": "BTPAFCE8X51223",
        "ProductName": "",
        "Bộ sưu tập": "First-collection",
        "Code_cat": "E8",
        "Category": "Bottom",
        "Sub-category": "Pant",
        "Color": "Mù tạt - Nâu",
        "Size": "L",
        "Xưởng": "Xưởng Bảo",
        "Tháng ra mắt": "12",
        "Năm ra mắt": "23",
        "Nhà thiết kế": "Nguyn",
        "Style": "",
        "Gowhere" : "Hẹn hò",
        "Event" : "",
        "Soluong": "",
        "DescriptionProduct": "Mô tả sản phẩm",
        "PriceProduct": "315.000",
        "": ""
    },
    {
        "STT": "50",
        "Id_pr": "TPSRFCE9X51223",
        "ProductName": "Áo Sơ mi Gấu Nam",
        "Bộ sưu tập": "First-collection",
        "Code_cat": "E9",
        "Category": "Top",
        "Sub-category": "Shirt",
        "Color": "Trắng",
        "Size": "S",
        "Xưởng": "Xưởng Bảo",
        "Tháng ra mắt": "12",
        "Năm ra mắt": "23",
        "Nhà thiết kế": "Nguyn",
        "Style": "",
        "Gowhere" : " ",
        "Event" : "Halloween",
        "Soluong": "",
        "DescriptionProduct": "Mô tả sản phẩm",
        "PriceProduct": "56.000",
        "": ""
    },
    {
        "STT": "51",
        "Id_pr": "TPSRFCF0X51223",
        "ProductName": "",
        "Bộ sưu tập": "First-collection",
        "Code_cat": "F0",
        "Category": "Top",
        "Sub-category": "Shirt",
        "Color": "Trắng",
        "Size": "M",
        "Xưởng": "Xưởng Bảo",
        "Tháng ra mắt": "12",
        "Năm ra mắt": "23",
        "Nhà thiết kế": "Nguyn",
        "Style": "",
        "Gowhere" : "Hẹn hò",
        "Event" : "Halloween",
        "Soluong": "",
        "DescriptionProduct": "Mô tả sản phẩm",
        "PriceProduct": "78.000",
        "": ""
    },
    {
        "STT": "52",
        "Id_pr": "TPSRFCF1X51223",
        "ProductName": "",
        "Bộ sưu tập": "First-collection",
        "Code_cat": "F1",
        "Category": "Top",
        "Sub-category": "Shirt",
        "Color": "Trắng",
        "Size": "L",
        "Xưởng": "Xưởng Bảo",
        "Tháng ra mắt": "12",
        "Năm ra mắt": "23",
        "Nhà thiết kế": "Nguyn",
        "Style": "",
        "Gowhere" : "Du lịch ",
        "Event" : "",
        "Soluong": "",
        "DescriptionProduct": "Mô tả sản phẩm",
        "PriceProduct": "45.000",
        "": ""
    },
    {
        "STT": "",
        "Id_pr": "TPSRFCF2X51223",
        "ProductName": "Áo sơ mi gấu nữ",
        "Bộ sưu tập": "First-collection",
        "Code_cat": "F2",
        "Category": "Top",
        "Sub-category": "Shirt",
        "Color": "Trắng",
        "Size": "S",
        "Xưởng": "Xưởng Bảo",
        "Tháng ra mắt": "12",
        "Năm ra mắt": "23",
        "Nhà thiết kế": "Nguyn",
        "Style": "",
        "Gowhere" : "Thể thao",
        "Event" : "",
        "Soluong": "",
        "DescriptionProduct": "Mô tả sản phẩm",
        "PriceProduct": "989.000",
        "": ""
    },
    {
        "STT": "",
        "Id_pr": "TPSRFCF3X51223",
        "ProductName": "",
        "Bộ sưu tập": "First-collection",
        "Code_cat": "F3",
        "Category": "Top",
        "Sub-category": "Shirt",
        "Color": "Trắng",
        "Size": "M",
        "Xưởng": "Xưởng Bảo",
        "Tháng ra mắt": "12",
        "Năm ra mắt": "23",
        "Nhà thiết kế": "Nguyn",
        "Style": "",
        "Gowhere" : "Thể thao",
        "Event" : "",
        "Soluong": "",
        "DescriptionProduct": "Mô tả sản phẩm",
        "PriceProduct": "99.000",
        "": ""
    },
    {
        "STT": "",
        "Id_pr": "TPSRFCF4X51223",
        "ProductName": "",
        "Bộ sưu tập": "First-collection",
        "Code_cat": "F4",
        "Category": "Top",
        "Sub-category": "Shirt",
        "Color": "Trắng",
        "Size": "L",
        "Xưởng": "Xưởng Bảo",
        "Tháng ra mắt": "12",
        "Năm ra mắt": "23",
        "Nhà thiết kế": "Nguyn",
        "Style": "Romatic",
        "Gowhere" : " ",
        "Event" : "",
        "Soluong": "",
        "DescriptionProduct": "Mô tả sản phẩm",
        "PriceProduct": "135.000",
        "": ""
    }
]